{
  "questions": [
    {
      "question": "Hello!",
      "answer": "Hey there!"
    },
    {
      "question": "Which faculty in UPB has the coolest and nicest teachers and staff?",
      "answer": "The faculty with the nicest teachers and staff in UPB is FILS of course!"
    },
    {
      "question": "What are the admission exam months for FILS?",
      "answer": "The admission exams for FILS are held in July."
    },
    {
      "question": "When are the final exams held for each semester in FILS?",
      "answer": "The final exams for each semester in FILS are in January and June."
    },
    {
      "question": "What is the maximum amount of monthly scholarships one can earn in FILS?",
      "answer": "If you study well, you can earn monthly scholarships of up to \"amount\" RON."
    },
    {
      "question": "In which languages are the programs of study offered at FILS?",
      "answer": "The programs of study at FILS are offered in French, English, and German."
    },
    {
      "question": "What level of degrees are offered at FILS?",
      "answer": "FILS offers graduate and masters diplomas."
    },
    {
      "question": "What range of specializations does FILS offer?",
      "answer": "FILS offers specializations ranging from computer science to Chemistry and mechanics."
    },
    {
      "question": "What are the hours for courses and laboratories for graduate students at FILS?",
      "answer": "Courses and laboratory hours for graduate students start at 8 and end at 16."
    },
    {
      "question": "Can you tell me about the academic environment at FILS?",
      "answer": "FILS provides a calm yet challenging academic environment that supports growth and well-being."
    },
    {
      "question": "When is the best time to apply for admission to FILS?",
      "answer": "It is best to apply for admission to FILS well in advance, considering the admission exams are held in July."
    },
    {
      "question": "Are there any specific language requirements for admission to FILS?",
      "answer": "Yes, proficiency in French, English, or German may be required depending on the program of study at FILS."
    },
    {
      "question": "What opportunities for personal growth are available at FILS?",
      "answer": "FILS provides ample opportunities for personal growth through its challenging academic environment and support systems."
    },
    {
      "question": "Is there any financial assistance available for students at FILS?",
      "answer": "Yes, students at FILS can earn monthly scholarships based on their academic performance."
    },
    {
      "question": "What are the typical class sizes at FILS?",
      "answer": "Class sizes at FILS may vary but are generally conducive to personalized learning experiences."
    },
    {
      "question": "Are there any extracurricular activities available at FILS?",
      "answer": "Yes, FILS offers a range of extracurricular activities to enhance students' overall experience."
    },
    {
      "question": "What are the research opportunities like at FILS?",
      "answer": "FILS provides ample research opportunities across various fields of study."
    },
    {
      "question": "What support services are available for international students at FILS?",
      "answer": "FILS offers comprehensive support services for international students, including language assistance and cultural integration programs."
    },
    {
      "question": "Can students pursue internships or co-op programs while studying at FILS?",
      "answer": "Yes, students at FILS have the opportunity to pursue internships or co-op programs to gain practical experience."
    },
    {
      "question": "How can students apply for scholarships at FILS?",
      "answer": "Students can apply for scholarships at FILS through the designated scholarship application process."
    },
    {
      "question": "Are there any exchange programs available for students at FILS?",
      "answer": "Yes, FILS offers exchange programs with partner universities to broaden students' international exposure."
    },
    {
      "question": "What is the faculty-to-student ratio at FILS?",
      "answer": "The faculty-to-student ratio at FILS ensures personalized attention and support."
    },
    {
      "question": "What are the facilities like at FILS?",
      "answer": "FILS provides modern facilities and resources to support students' academic and extracurricular activities."
    },
    {
      "question": "Can students participate in research projects at FILS?",
      "answer": "Yes, students at FILS have the opportunity to participate in various research projects under the guidance of faculty members."
    }
  ]
}
